TDSFU Daily run: Sun Jun 22 14:52:51 UTC 2025 TDSFU
TDSFU Daily run: Mon Jun 23 04:47:43 UTC 2025 TDSFU
TDSFU Daily run: Tue Jun 24 04:43:39 UTC 2025 TDSFU
TDSFU Daily run: Wed Jun 25 04:43:50 UTC 2025 TDSFU
TDSFU Daily run: Thu Jun 26 04:43:35 UTC 2025 TDSFU
TDSFU Daily run: Fri Jun 27 04:43:02 UTC 2025 TDSFU
TDSFU Daily run: Sat Jun 28 04:41:45 UTC 2025 TDSFU
TDSFU Daily run: Sun Jun 29 04:50:10 UTC 2025 TDSFU
TDSFU Daily run: Mon Jun 30 04:46:52 UTC 2025 TDSFU
TDSFU Daily run: Tue Jul  1 04:50:26 UTC 2025 TDSFU
TDSFU Daily run: Wed Jul  2 04:43:50 UTC 2025 TDSFU
TDSFU Daily run: Thu Jul  3 04:47:20 UTC 2025 TDSFU
TDSFU Daily run: Fri Jul  4 04:44:59 UTC 2025 TDSFU
TDSFU Daily run: Sat Jul  5 04:42:10 UTC 2025 TDSFU
TDSFU Daily run: Sun Jul  6 04:46:07 UTC 2025 TDSFU
TDSFU Daily run: Mon Jul  7 04:47:56 UTC 2025 TDSFU
TDSFU Daily run: Tue Jul  8 04:43:41 UTC 2025 TDSFU
TDSFU Daily run: Wed Jul  9 04:48:23 UTC 2025 TDSFU
TDSFU Daily run: Thu Jul 10 04:45:45 UTC 2025 TDSFU
TDSFU Daily run: Fri Jul 11 04:49:59 UTC 2025 TDSFU
TDSFU Daily run: Sat Jul 12 04:44:43 UTC 2025 TDSFU
TDSFU Daily run: Sun Jul 13 04:49:26 UTC 2025 TDSFU
TDSFU Daily run: Mon Jul 14 04:53:06 UTC 2025 TDSFU
TDSFU Daily run: Tue Jul 15 04:52:04 UTC 2025 TDSFU
TDSFU Daily run: Wed Jul 16 04:51:49 UTC 2025 TDSFU
TDSFU Daily run: Thu Jul 17 04:51:26 UTC 2025 TDSFU
TDSFU Daily run: Fri Jul 18 04:53:45 UTC 2025 TDSFU
TDSFU Daily run: Sat Jul 19 04:44:41 UTC 2025 TDSFU
TDSFU Daily run: Sun Jul 20 04:53:30 UTC 2025 TDSFU
TDSFU Daily run: Mon Jul 21 04:54:47 UTC 2025 TDSFU
TDSFU Daily run: Tue Jul 22 04:51:57 UTC 2025 TDSFU
TDSFU Daily run: Wed Jul 23 04:53:56 UTC 2025 TDSFU
TDSFU Daily run: Thu Jul 24 04:52:22 UTC 2025 TDSFU
TDSFU Daily run: Fri Jul 25 04:53:45 UTC 2025 TDSFU
TDSFU Daily run: Sat Jul 26 04:50:03 UTC 2025 TDSFU
TDSFU Daily run: Sun Jul 27 04:54:23 UTC 2025 TDSFU
TDSFU Daily run: Mon Jul 28 04:56:48 UTC 2025 TDSFU
TDSFU Daily run: Tue Jul 29 04:58:29 UTC 2025 TDSFU
TDSFU Daily run: Wed Jul 30 04:56:20 UTC 2025 TDSFU
TDSFU Daily run: Thu Jul 31 04:54:21 UTC 2025 TDSFU
TDSFU Daily run: Fri Aug  1 05:02:37 UTC 2025 TDSFU
TDSFU Daily run: Sat Aug  2 04:49:48 UTC 2025 TDSFU
TDSFU Daily run: Sun Aug  3 04:57:46 UTC 2025 TDSFU
TDSFU Daily run: Mon Aug  4 05:06:52 UTC 2025 TDSFU
TDSFU Daily run: Tue Aug  5 04:58:35 UTC 2025 TDSFU
TDSFU Daily run: Wed Aug  6 04:56:33 UTC 2025 TDSFU
